{"cameraMode":{"drawMode":0,"name":"Shaded","section":"Shading Mode"},"sceneLighting":true,"audioPlay":false,"sceneViewState":{"m_AlwaysRefresh":false,"showFog":true,"showSkybox":true,"showFlares":true,"showImageEffects":true,"showParticleSystems":true,"showVisualEffectGraphs":true,"m_FxEnabled":true},"in2DMode":false,"pivot":{"x":0.4066429138183594,"y":3.2329235076904299,"z":-16.904748916625978},"rotation":{"x":-0.04309066757559776,"y":0.955563485622406,"z":-0.17863571643829347,"w":-0.23050180077552796},"size":15.109151840209961,"orthographic":false}